path	status	priority	upstream_revision	notes
404.rst	done	3	2bb2c8e3bfae2c99653348c5815c8c8adaab9a66	首批
appsFeatures/applications/apps-featured.rst	done	3	2bb2c8e3bfae2c99653348c5815c8c8adaab9a66	首批
appsFeatures/applications/arb_manager/arb_manager.rst	done	3	2bb2c8e3bfae2c99653348c5815c8c8adaab9a66	首批
appsFeatures/applications/bode/bode.rst	done	3	2bb2c8e3bfae2c99653348c5815c8c8adaab9a66	首批
appsFeatures/applications/impedance/impedance.rst	done	3	2bb2c8e3bfae2c99653348c5815c8c8adaab9a66	首批
appsFeatures/applications/lcr_meter/lcr_meter.rst	done	3	2bb2c8e3bfae2c99653348c5815c8c8adaab9a66	首批
appsFeatures/applications/logic/logic.rst	done	3	2bb2c8e3bfae2c99653348c5815c8c8adaab9a66	首批
appsFeatures/applications/marketplace/Lock-in.rst	done	3	2bb2c8e3bfae2c99653348c5815c8c8adaab9a66	首批
appsFeatures/applications/marketplace/PyRPL.rst	done	3	2bb2c8e3bfae2c99653348c5815c8c8adaab9a66	首批
appsFeatures/applications/marketplace/daq_server.rst	done	3	2bb2c8e3bfae2c99653348c5815c8c8adaab9a66	首批
appsFeatures/applications/marketplace/dsp.rst	done	3	2bb2c8e3bfae2c99653348c5815c8c8adaab9a66	首批
appsFeatures/applications/marketplace/epics.rst	done	3	2bb2c8e3bfae2c99653348c5815c8c8adaab9a66	首批
appsFeatures/applications/marketplace/freq_res_anal/freq_res_anal.rst	done	3	2bb2c8e3bfae2c99653348c5815c8c8adaab9a66	首批
appsFeatures/applications/marketplace/impedance_anal/impedance.rst	done	3	2bb2c8e3bfae2c99653348c5815c8c8adaab9a66	首批
appsFeatures/applications/marketplace/linien.rst	done	3	2bb2c8e3bfae2c99653348c5815c8c8adaab9a66	首批
appsFeatures/applications/marketplace/lti.rst	done	3	2bb2c8e3bfae2c99653348c5815c8c8adaab9a66	首批
appsFeatures/applications/marketplace/marketplace.rst	done	3	2bb2c8e3bfae2c99653348c5815c8c8adaab9a66	首批
appsFeatures/applications/marketplace/multi_pulse_anal.rst	done	3	2bb2c8e3bfae2c99653348c5815c8c8adaab9a66	首批
appsFeatures/applications/marketplace/ocra.rst	done	3	2bb2c8e3bfae2c99653348c5815c8c8adaab9a66	首批
appsFeatures/applications/marketplace/power_anal/power_anal.rst	done	3	2bb2c8e3bfae2c99653348c5815c8c8adaab9a66	首批
appsFeatures/applications/marketplace/qt.rst	done	3	2bb2c8e3bfae2c99653348c5815c8c8adaab9a66	首批
appsFeatures/applications/marketplace/radar.rst	done	3	2bb2c8e3bfae2c99653348c5815c8c8adaab9a66	首批
appsFeatures/applications/marketplace/radiobox.rst	done	3	2bb2c8e3bfae2c99653348c5815c8c8adaab9a66	首批
appsFeatures/applications/marketplace/sdr.rst	done	3	2bb2c8e3bfae2c99653348c5815c8c8adaab9a66	首批
appsFeatures/applications/marketplace/tesla.rst	done	3	2bb2c8e3bfae2c99653348c5815c8c8adaab9a66	首批
appsFeatures/applications/marketplace/vna.rst	done	3	2bb2c8e3bfae2c99653348c5815c8c8adaab9a66	首批
appsFeatures/applications/marketplace/wspr.rst	done	3	2bb2c8e3bfae2c99653348c5815c8c8adaab9a66	首批
appsFeatures/applications/oscSigGen/osc.rst	done	3	2bb2c8e3bfae2c99653348c5815c8c8adaab9a66	首批
appsFeatures/applications/playback&record/playback&record.rst	done	3	2bb2c8e3bfae2c99653348c5815c8c8adaab9a66	首批
appsFeatures/applications/pyrpl/pyrpl.rst	done	3	2bb2c8e3bfae2c99653348c5815c8c8adaab9a66	首批
appsFeatures/applications/sdr_tx_rx/sdr_tx_rx.rst	done	3	2bb2c8e3bfae2c99653348c5815c8c8adaab9a66	首批
appsFeatures/applications/spectrum/spectrum.rst	done	3	2bb2c8e3bfae2c99653348c5815c8c8adaab9a66	首批
appsFeatures/applications/streaming/advanced/advanced_top.rst	done	3	2bb2c8e3bfae2c99653348c5815c8c8adaab9a66	首批
appsFeatures/applications/streaming/advanced/multiboard.rst	done	3	2bb2c8e3bfae2c99653348c5815c8c8adaab9a66	首批
appsFeatures/applications/streaming/configuration/adc_config.rst	done	3	2bb2c8e3bfae2c99653348c5815c8c8adaab9a66	首批
appsFeatures/applications/streaming/configuration/advanced_config.rst	done	3	2bb2c8e3bfae2c99653348c5815c8c8adaab9a66	首批
appsFeatures/applications/streaming/configuration/configuration_top.rst	done	3	2bb2c8e3bfae2c99653348c5815c8c8adaab9a66	首批
appsFeatures/applications/streaming/configuration/dac_config.rst	done	3	2bb2c8e3bfae2c99653348c5815c8c8adaab9a66	首批
appsFeatures/applications/streaming/configuration/memory_config.rst	done	3	2bb2c8e3bfae2c99653348c5815c8c8adaab9a66	首批
appsFeatures/applications/streaming/reference/limitations.rst	done	3	2bb2c8e3bfae2c99653348c5815c8c8adaab9a66	首批
appsFeatures/applications/streaming/reference/performance_optimization.rst	done	3	2bb2c8e3bfae2c99653348c5815c8c8adaab9a66	首批
appsFeatures/applications/streaming/reference/reference_top.rst	done	3	2bb2c8e3bfae2c99653348c5815c8c8adaab9a66	首批
appsFeatures/applications/streaming/reference/technical_details.rst	done	3	2bb2c8e3bfae2c99653348c5815c8c8adaab9a66	首批
appsFeatures/applications/streaming/top.rst	done	3	2bb2c8e3bfae2c99653348c5815c8c8adaab9a66	首批
appsFeatures/applications/streaming/usage/stream_command_line.rst	done	3	2bb2c8e3bfae2c99653348c5815c8c8adaab9a66	首批
appsFeatures/applications/streaming/usage/stream_desktop_api.rst	done	3	2bb2c8e3bfae2c99653348c5815c8c8adaab9a66	首批
appsFeatures/applications/streaming/usage/stream_local.rst	done	3	2bb2c8e3bfae2c99653348c5815c8c8adaab9a66	首批
appsFeatures/applications/streaming/usage/stream_raspberry_linux.rst	done	3	2bb2c8e3bfae2c99653348c5815c8c8adaab9a66	首批
appsFeatures/applications/streaming/usage/stream_redpitaya_linux.rst	done	3	2bb2c8e3bfae2c99653348c5815c8c8adaab9a66	首批
appsFeatures/applications/streaming/usage/usage_top.rst	done	3	2bb2c8e3bfae2c99653348c5815c8c8adaab9a66	首批
appsFeatures/applications/streaming/usage/web_interface.rst	done	3	2bb2c8e3bfae2c99653348c5815c8c8adaab9a66	首批
appsFeatures/applications/vna/appVNA.rst	done	3	2bb2c8e3bfae2c99653348c5815c8c8adaab9a66	首批
appsFeatures/appsFeatures.rst	done	3	2bb2c8e3bfae2c99653348c5815c8c8adaab9a66	首批
appsFeatures/command_line_tools/com_line_tool.rst	done	3	2bb2c8e3bfae2c99653348c5815c8c8adaab9a66	首批
appsFeatures/command_line_tools/utils/acquire_util.rst	done	3	2bb2c8e3bfae2c99653348c5815c8c8adaab9a66	首批
appsFeatures/command_line_tools/utils/bode_util.rst	done	3	2bb2c8e3bfae2c99653348c5815c8c8adaab9a66	首批
appsFeatures/command_line_tools/utils/calib_util.rst	done	3	2bb2c8e3bfae2c99653348c5815c8c8adaab9a66	首批
appsFeatures/command_line_tools/utils/daisy_util.rst	done	3	2bb2c8e3bfae2c99653348c5815c8c8adaab9a66	首批
appsFeatures/command_line_tools/utils/e3_i2c_util.rst	done	3	2bb2c8e3bfae2c99653348c5815c8c8adaab9a66	首批
appsFeatures/command_line_tools/utils/filter_calib_util.rst	done	3	2bb2c8e3bfae2c99653348c5815c8c8adaab9a66	首批
appsFeatures/command_line_tools/utils/generate_util.rst	done	3	2bb2c8e3bfae2c99653348c5815c8c8adaab9a66	首批
appsFeatures/command_line_tools/utils/lcr_util.rst	done	3	2bb2c8e3bfae2c99653348c5815c8c8adaab9a66	首批
appsFeatures/command_line_tools/utils/led_util.rst	done	3	2bb2c8e3bfae2c99653348c5815c8c8adaab9a66	首批
appsFeatures/command_line_tools/utils/monitor_util.rst	done	3	2bb2c8e3bfae2c99653348c5815c8c8adaab9a66	首批
appsFeatures/command_line_tools/utils/other_util.rst	done	3	2bb2c8e3bfae2c99653348c5815c8c8adaab9a66	首批
appsFeatures/command_line_tools/utils/overlay_util.rst	done	3	2bb2c8e3bfae2c99653348c5815c8c8adaab9a66	首批
appsFeatures/command_line_tools/utils/profiles_util.rst	done	3	2bb2c8e3bfae2c99653348c5815c8c8adaab9a66	首批
appsFeatures/command_line_tools/utils/spectrum_util.rst	done	3	2bb2c8e3bfae2c99653348c5815c8c8adaab9a66	首批
appsFeatures/command_line_tools/utils/streaming_util.rst	done	3	2bb2c8e3bfae2c99653348c5815c8c8adaab9a66	首批
appsFeatures/command_line_tools/utils/updater_util.rst	done	3	2bb2c8e3bfae2c99653348c5815c8c8adaab9a66	首批
appsFeatures/examples/DMM/deepMemoryAcq.rst	done	3	2bb2c8e3bfae2c99653348c5815c8c8adaab9a66	首批
appsFeatures/examples/DMM/deepMemoryAcq_comp.rst	done	3	2bb2c8e3bfae2c99653348c5815c8c8adaab9a66	首批
appsFeatures/examples/DMM/deepMemoryGen_burst.rst	done	3	2bb2c8e3bfae2c99653348c5815c8c8adaab9a66	首批
appsFeatures/examples/DMM/deepMemoryGen_continuous.rst	done	3	2bb2c8e3bfae2c99653348c5815c8c8adaab9a66	首批
appsFeatures/examples/DMM/dmm.rst	done	3	2bb2c8e3bfae2c99653348c5815c8c8adaab9a66	首批
appsFeatures/examples/acquisition/acqRF-1-treshold.rst	done	3	2bb2c8e3bfae2c99653348c5815c8c8adaab9a66	首批
appsFeatures/examples/acquisition/acqRF-2-instant.rst	done	3	2bb2c8e3bfae2c99653348c5815c8c8adaab9a66	首批
appsFeatures/examples/acquisition/acqRF-3-external.rst	done	3	2bb2c8e3bfae2c99653348c5815c8c8adaab9a66	首批
appsFeatures/examples/acquisition/acqRF-5-split_trig.rst	done	3	2bb2c8e3bfae2c99653348c5815c8c8adaab9a66	首批
appsFeatures/examples/acquisition/acqRF-samp-and-dec.rst	done	3	2bb2c8e3bfae2c99653348c5815c8c8adaab9a66	首批
appsFeatures/examples/acquisition/acqRF.rst	done	3	2bb2c8e3bfae2c99653348c5815c8c8adaab9a66	首批
appsFeatures/examples/acquisition_generation/acq_genRF-1-synced.rst	done	3	2bb2c8e3bfae2c99653348c5815c8c8adaab9a66	首批
appsFeatures/examples/acquisition_generation/acq_genRF-2-check_shape.rst	done	3	2bb2c8e3bfae2c99653348c5815c8c8adaab9a66	首批
appsFeatures/examples/acquisition_generation/acq_genRF.rst	done	3	2bb2c8e3bfae2c99653348c5815c8c8adaab9a66	首批
appsFeatures/examples/analog/ana-1-read_analog_inputs.rst	done	3	2bb2c8e3bfae2c99653348c5815c8c8adaab9a66	首批
appsFeatures/examples/analog/ana-2-set_analog_outs.rst	done	3	2bb2c8e3bfae2c99653348c5815c8c8adaab9a66	首批
appsFeatures/examples/analog/ana-3-interactive_set_analog_out.rst	done	3	2bb2c8e3bfae2c99653348c5815c8c8adaab9a66	首批
appsFeatures/examples/analog/analog.rst	done	3	2bb2c8e3bfae2c99653348c5815c8c8adaab9a66	首批
appsFeatures/examples/click_shield_examples/click_board_examples/basic/basic_top.rst	done	3	2bb2c8e3bfae2c99653348c5815c8c8adaab9a66	首批
appsFeatures/examples/click_shield_examples/click_board_examples/basic/button.rst	done	3	2bb2c8e3bfae2c99653348c5815c8c8adaab9a66	首批
appsFeatures/examples/click_shield_examples/click_board_examples/basic/captouch.rst	done	3	2bb2c8e3bfae2c99653348c5815c8c8adaab9a66	首批
appsFeatures/examples/click_shield_examples/click_board_examples/basic/relay.rst	done	3	2bb2c8e3bfae2c99653348c5815c8c8adaab9a66	首批
appsFeatures/examples/click_shield_examples/click_board_examples/click_examples.rst	done	3	2bb2c8e3bfae2c99653348c5815c8c8adaab9a66	首批
appsFeatures/examples/click_shield_examples/click_board_examples/data/data_top.rst	done	3	2bb2c8e3bfae2c99653348c5815c8c8adaab9a66	首批
appsFeatures/examples/click_shield_examples/click_board_examples/data/iso_adc3.rst	done	3	2bb2c8e3bfae2c99653348c5815c8c8adaab9a66	首批
appsFeatures/examples/click_shield_examples/click_board_examples/motor/dcmotor.rst	done	3	2bb2c8e3bfae2c99653348c5815c8c8adaab9a66	首批
appsFeatures/examples/click_shield_examples/click_board_examples/motor/motor_top.rst	done	3	2bb2c8e3bfae2c99653348c5815c8c8adaab9a66	首批
appsFeatures/examples/click_shield_examples/click_board_examples/motor/vibromotor.rst	done	3	2bb2c8e3bfae2c99653348c5815c8c8adaab9a66	首批
appsFeatures/examples/click_shield_examples/click_board_examples/sensor/current.rst	done	3	2bb2c8e3bfae2c99653348c5815c8c8adaab9a66	首批
appsFeatures/examples/click_shield_examples/click_board_examples/sensor/light.rst	done	3	2bb2c8e3bfae2c99653348c5815c8c8adaab9a66	首批
appsFeatures/examples/click_shield_examples/click_board_examples/sensor/motion.rst	done	3	2bb2c8e3bfae2c99653348c5815c8c8adaab9a66	首批
appsFeatures/examples/click_shield_examples/click_board_examples/sensor/sensor_top.rst	done	3	2bb2c8e3bfae2c99653348c5815c8c8adaab9a66	首批
appsFeatures/examples/click_shield_examples/click_board_examples/sensor/thermo16.rst	done	3	2bb2c8e3bfae2c99653348c5815c8c8adaab9a66	首批
appsFeatures/examples/communication_interfaces/dig_com-1-i2c_internal.rst	done	3	2bb2c8e3bfae2c99653348c5815c8c8adaab9a66	首批
appsFeatures/examples/communication_interfaces/dig_com-10-can.rst	done	3	2bb2c8e3bfae2c99653348c5815c8c8adaab9a66	首批
appsFeatures/examples/communication_interfaces/dig_com-2-i2c_hw_api_int.rst	done	3	2bb2c8e3bfae2c99653348c5815c8c8adaab9a66	首批
appsFeatures/examples/communication_interfaces/dig_com-3-i2c_ioctl_external.rst	done	3	2bb2c8e3bfae2c99653348c5815c8c8adaab9a66	首批
appsFeatures/examples/communication_interfaces/dig_com-4-i2c_ac_dc.rst	done	3	2bb2c8e3bfae2c99653348c5815c8c8adaab9a66	首批
appsFeatures/examples/communication_interfaces/dig_com-5-spi_loopback.rst	done	3	2bb2c8e3bfae2c99653348c5815c8c8adaab9a66	首批
appsFeatures/examples/communication_interfaces/dig_com-6-spi_hw_api.rst	done	3	2bb2c8e3bfae2c99653348c5815c8c8adaab9a66	首批
appsFeatures/examples/communication_interfaces/dig_com-7-uart_loopback.rst	done	3	2bb2c8e3bfae2c99653348c5815c8c8adaab9a66	首批
appsFeatures/examples/communication_interfaces/dig_com-8-uart_hw_api.rst	done	3	2bb2c8e3bfae2c99653348c5815c8c8adaab9a66	首批
appsFeatures/examples/communication_interfaces/dig_com-9-can_loopback.rst	done	3	2bb2c8e3bfae2c99653348c5815c8c8adaab9a66	首批
appsFeatures/examples/communication_interfaces/digcomIF.rst	done	3	2bb2c8e3bfae2c99653348c5815c8c8adaab9a66	首批
appsFeatures/examples/digital/dig-1-led_blink.rst	done	3	2bb2c8e3bfae2c99653348c5815c8c8adaab9a66	首批
appsFeatures/examples/digital/dig-2-bar_graph.rst	done	3	2bb2c8e3bfae2c99653348c5815c8c8adaab9a66	首批
appsFeatures/examples/digital/dig-3-inter_bar_graph.rst	done	3	2bb2c8e3bfae2c99653348c5815c8c8adaab9a66	首批
appsFeatures/examples/digital/dig-4-push_button.rst	done	3	2bb2c8e3bfae2c99653348c5815c8c8adaab9a66	首批
appsFeatures/examples/digital/digital.rst	done	3	2bb2c8e3bfae2c99653348c5815c8c8adaab9a66	首批
appsFeatures/examples/generation/genRF-1-continuous.rst	done	3	2bb2c8e3bfae2c99653348c5815c8c8adaab9a66	首批
appsFeatures/examples/generation/genRF-2-burst.rst	done	3	2bb2c8e3bfae2c99653348c5815c8c8adaab9a66	首批
appsFeatures/examples/generation/genRF-3-external_trig.rst	done	3	2bb2c8e3bfae2c99653348c5815c8c8adaab9a66	首批
appsFeatures/examples/generation/genRF-4-arbitrary.rst	done	3	2bb2c8e3bfae2c99653348c5815c8c8adaab9a66	首批
appsFeatures/examples/generation/genRF-5-two-synced-signals.rst	done	3	2bb2c8e3bfae2c99653348c5815c8c8adaab9a66	首批
appsFeatures/examples/generation/genRF-6-two-asynced-signals.rst	done	3	2bb2c8e3bfae2c99653348c5815c8c8adaab9a66	首批
appsFeatures/examples/generation/genRF-7-sweep.rst	done	3	2bb2c8e3bfae2c99653348c5815c8c8adaab9a66	首批
appsFeatures/examples/generation/genRF.rst	done	3	2bb2c8e3bfae2c99653348c5815c8c8adaab9a66	首批
appsFeatures/examples/lcr/lcr-exm.rst	done	3	2bb2c8e3bfae2c99653348c5815c8c8adaab9a66	首批
appsFeatures/examples/logic_analyzer/la-1-uart_fpga_loopback.rst	done	3	2bb2c8e3bfae2c99653348c5815c8c8adaab9a66	首批
appsFeatures/examples/logic_analyzer/la-10-can_file.rst	done	3	2bb2c8e3bfae2c99653348c5815c8c8adaab9a66	首批
appsFeatures/examples/logic_analyzer/la-11-can_fpga_acq.rst	done	3	2bb2c8e3bfae2c99653348c5815c8c8adaab9a66	首批
appsFeatures/examples/logic_analyzer/la-2-uart_file.rst	done	3	2bb2c8e3bfae2c99653348c5815c8c8adaab9a66	首批
appsFeatures/examples/logic_analyzer/la-3-uart_fpga_acq.rst	done	3	2bb2c8e3bfae2c99653348c5815c8c8adaab9a66	首批
appsFeatures/examples/logic_analyzer/la-4-spi_fpga_loopback.rst	done	3	2bb2c8e3bfae2c99653348c5815c8c8adaab9a66	首批
appsFeatures/examples/logic_analyzer/la-5-spi_file.rst	done	3	2bb2c8e3bfae2c99653348c5815c8c8adaab9a66	首批
appsFeatures/examples/logic_analyzer/la-6-spi_fpga_acq.rst	done	3	2bb2c8e3bfae2c99653348c5815c8c8adaab9a66	首批
appsFeatures/examples/logic_analyzer/la-7-i2c_fpga_loopback.rst	done	3	2bb2c8e3bfae2c99653348c5815c8c8adaab9a66	首批
appsFeatures/examples/logic_analyzer/la-8-i2c_file.rst	done	3	2bb2c8e3bfae2c99653348c5815c8c8adaab9a66	首批
appsFeatures/examples/logic_analyzer/la-9-i2c_fpga_acq.rst	done	3	2bb2c8e3bfae2c99653348c5815c8c8adaab9a66	首批
appsFeatures/examples/logic_analyzer/logic_analyzer_top.rst	done	3	2bb2c8e3bfae2c99653348c5815c8c8adaab9a66	首批
appsFeatures/examples/multiboard_sync/multiboard-1-daisy_chain_acq.rst	done	3	2bb2c8e3bfae2c99653348c5815c8c8adaab9a66	首批
appsFeatures/examples/multiboard_sync/multiboard.rst	done	3	2bb2c8e3bfae2c99653348c5815c8c8adaab9a66	首批
appsFeatures/examples/multiboard_sync/mutliboard-3-click_shield_acq.rst	done	3	2bb2c8e3bfae2c99653348c5815c8c8adaab9a66	首批
appsFeatures/examples/streaming/adc_streaming_cli_example.rst	done	3	2bb2c8e3bfae2c99653348c5815c8c8adaab9a66	首批
appsFeatures/examples/streaming/dac_streaming_cli_example.rst	done	3	2bb2c8e3bfae2c99653348c5815c8c8adaab9a66	首批
appsFeatures/examples/streaming/examples_streaming_top.rst	done	3	2bb2c8e3bfae2c99653348c5815c8c8adaab9a66	首批
appsFeatures/examples/streaming/streaming_adc_api_example.rst	done	3	2bb2c8e3bfae2c99653348c5815c8c8adaab9a66	首批
appsFeatures/examples/streaming/streaming_api_reference.rst	done	3	2bb2c8e3bfae2c99653348c5815c8c8adaab9a66	首批
appsFeatures/examples/streaming/streaming_dac_api_example.rst	done	3	2bb2c8e3bfae2c99653348c5815c8c8adaab9a66	首批
appsFeatures/examples/streaming/streaming_quickstart.rst	done	3	2bb2c8e3bfae2c99653348c5815c8c8adaab9a66	首批
appsFeatures/introAcqGen.rst	done	3	2bb2c8e3bfae2c99653348c5815c8c8adaab9a66	首批
appsFeatures/multichannel/multichannel.rst	done	3	2bb2c8e3bfae2c99653348c5815c8c8adaab9a66	首批
appsFeatures/remoteControl/API_scripts.rst	done	3	2bb2c8e3bfae2c99653348c5815c8c8adaab9a66	首批
appsFeatures/remoteControl/command_list/commands-acq.rst	done	3	2bb2c8e3bfae2c99653348c5815c8c8adaab9a66	首批
appsFeatures/remoteControl/command_list/commands-analog.rst	done	3	2bb2c8e3bfae2c99653348c5815c8c8adaab9a66	首批
appsFeatures/remoteControl/command_list/commands-board.rst	done	3	2bb2c8e3bfae2c99653348c5815c8c8adaab9a66	首批
appsFeatures/remoteControl/command_list/commands-can.rst	done	3	2bb2c8e3bfae2c99653348c5815c8c8adaab9a66	首批
appsFeatures/remoteControl/command_list/commands-daisy.rst	done	3	2bb2c8e3bfae2c99653348c5815c8c8adaab9a66	首批
appsFeatures/remoteControl/command_list/commands-digital.rst	done	3	2bb2c8e3bfae2c99653348c5815c8c8adaab9a66	首批
appsFeatures/remoteControl/command_list/commands-dmm.rst	done	3	2bb2c8e3bfae2c99653348c5815c8c8adaab9a66	首批
appsFeatures/remoteControl/command_list/commands-gen.rst	done	3	2bb2c8e3bfae2c99653348c5815c8c8adaab9a66	首批
appsFeatures/remoteControl/command_list/commands-i2c.rst	done	3	2bb2c8e3bfae2c99653348c5815c8c8adaab9a66	首批
appsFeatures/remoteControl/command_list/commands-init.rst	done	3	2bb2c8e3bfae2c99653348c5815c8c8adaab9a66	首批
appsFeatures/remoteControl/command_list/commands-lcr.rst	done	3	2bb2c8e3bfae2c99653348c5815c8c8adaab9a66	首批
appsFeatures/remoteControl/command_list/commands-logic-analyzer.rst	done	3	2bb2c8e3bfae2c99653348c5815c8c8adaab9a66	首批
appsFeatures/remoteControl/command_list/commands-pll.rst	done	3	2bb2c8e3bfae2c99653348c5815c8c8adaab9a66	首批
appsFeatures/remoteControl/command_list/commands-spi.rst	done	3	2bb2c8e3bfae2c99653348c5815c8c8adaab9a66	首批
appsFeatures/remoteControl/command_list/commands-status-leds.rst	done	3	2bb2c8e3bfae2c99653348c5815c8c8adaab9a66	首批
appsFeatures/remoteControl/command_list/commands-temp-prot.rst	done	3	2bb2c8e3bfae2c99653348c5815c8c8adaab9a66	首批
appsFeatures/remoteControl/command_list/commands-uart.rst	done	3	2bb2c8e3bfae2c99653348c5815c8c8adaab9a66	首批
appsFeatures/remoteControl/command_list.rst	done	3	2bb2c8e3bfae2c99653348c5815c8c8adaab9a66	首批
appsFeatures/remoteControl/deepMemoryMode.rst	done	3	2bb2c8e3bfae2c99653348c5815c8c8adaab9a66	首批
appsFeatures/remoteControl/examples_top.rst	done	3	2bb2c8e3bfae2c99653348c5815c8c8adaab9a66	首批
appsFeatures/remoteControl/jupyter/Jupyter.rst	done	3	2bb2c8e3bfae2c99653348c5815c8c8adaab9a66	首批
appsFeatures/remoteControl/knownIssues.rst	done	3	2bb2c8e3bfae2c99653348c5815c8c8adaab9a66	首批
appsFeatures/remoteControl/remoteAndProg.rst	done	3	2bb2c8e3bfae2c99653348c5815c8c8adaab9a66	首批
appsFeatures/remoteControl/scpi.rst	done	3	2bb2c8e3bfae2c99653348c5815c8c8adaab9a66	首批
appsFeatures/supportedFeaturesAndApps.rst	done	3	2bb2c8e3bfae2c99653348c5815c8c8adaab9a66	首批
appsFeatures/systemtool/OS_updater/softwareupdate.rst	done	3	2bb2c8e3bfae2c99653348c5815c8c8adaab9a66	首批
appsFeatures/systemtool/calibration/calibration.rst	done	3	2bb2c8e3bfae2c99653348c5815c8c8adaab9a66	首批
appsFeatures/systemtool/calibration/dc_calibration.rst	done	3	2bb2c8e3bfae2c99653348c5815c8c8adaab9a66	首批
appsFeatures/systemtool/calibration/frequency_calibration.rst	done	3	2bb2c8e3bfae2c99653348c5815c8c8adaab9a66	首批
appsFeatures/systemtool/network_manager/networkManager.rst	done	3	2bb2c8e3bfae2c99653348c5815c8c8adaab9a66	首批
appsFeatures/systemtool/system_info/systemInfo.rst	done	3	2bb2c8e3bfae2c99653348c5815c8c8adaab9a66	首批
appsFeatures/systemtool/systool.rst	done	3	2bb2c8e3bfae2c99653348c5815c8c8adaab9a66	首批
customization/custom.rst	done	3	2bb2c8e3bfae2c99653348c5815c8c8adaab9a66	首批
developerGuide/devGuideTop.rst	done	3	2bb2c8e3bfae2c99653348c5815c8c8adaab9a66	首批
developerGuide/fpga/advanced/device_tree.rst	done	2	2bb2c8e3bfae2c99653348c5815c8c8adaab9a66	首批
developerGuide/fpga/advanced/device_tree_flows/device_tree_2020_1.rst	done	2	2bb2c8e3bfae2c99653348c5815c8c8adaab9a66	首批
developerGuide/fpga/advanced/device_tree_flows/device_tree_2025_1.rst	done	2	2bb2c8e3bfae2c99653348c5815c8c8adaab9a66	首批
developerGuide/fpga/advanced/fpga_advanced_loading.rst	done	2	2bb2c8e3bfae2c99653348c5815c8c8adaab9a66	首批
developerGuide/fpga/advanced/fpga_boot_loading.rst	done	2	2bb2c8e3bfae2c99653348c5815c8c8adaab9a66	首批
developerGuide/fpga/advanced/jtag_programming.rst	done	2	2bb2c8e3bfae2c99653348c5815c8c8adaab9a66	首批
developerGuide/fpga/advanced/signal_mapping.rst	done	2	2bb2c8e3bfae2c99653348c5815c8c8adaab9a66	首批
developerGuide/fpga/advanced/top.rst	done	2	2bb2c8e3bfae2c99653348c5815c8c8adaab9a66	首批
developerGuide/fpga/fpga_top.rst	done	2	2bb2c8e3bfae2c99653348c5815c8c8adaab9a66	首批
developerGuide/fpga/fpga_tutorials/base_project/top.rst	done	2	2bb2c8e3bfae2c99653348c5815c8c8adaab9a66	首批
developerGuide/fpga/fpga_tutorials/configure_fpga.rst	done	2	2bb2c8e3bfae2c99653348c5815c8c8adaab9a66	首批
developerGuide/fpga/fpga_tutorials/rf_inputs/moving_average.rst	done	2	2bb2c8e3bfae2c99653348c5815c8c8adaab9a66	首批
developerGuide/fpga/fpga_tutorials/rf_inputs/top.rst	done	2	2bb2c8e3bfae2c99653348c5815c8c8adaab9a66	首批
developerGuide/fpga/fpga_tutorials/tutorial_top.rst	done	2	2bb2c8e3bfae2c99653348c5815c8c8adaab9a66	首批
developerGuide/fpga/getting_started/intro.rst	done	2	2bb2c8e3bfae2c99653348c5815c8c8adaab9a66	首批
developerGuide/fpga/getting_started/projects/modify_project.rst	done	2	2bb2c8e3bfae2c99653348c5815c8c8adaab9a66	首批
developerGuide/fpga/getting_started/projects/project_creation.rst	done	2	2bb2c8e3bfae2c99653348c5815c8c8adaab9a66	首批
developerGuide/fpga/getting_started/projects/project_creation_sdk.rst	done	2	2bb2c8e3bfae2c99653348c5815c8c8adaab9a66	首批
developerGuide/fpga/getting_started/projects/project_from_scratch.rst	done	2	2bb2c8e3bfae2c99653348c5815c8c8adaab9a66	首批
developerGuide/fpga/getting_started/projects/top.rst	done	2	2bb2c8e3bfae2c99653348c5815c8c8adaab9a66	首批
developerGuide/fpga/getting_started/reprogram_fpga.rst	done	2	2bb2c8e3bfae2c99653348c5815c8c8adaab9a66	首批
developerGuide/fpga/getting_started/sdk_install.rst	done	2	2bb2c8e3bfae2c99653348c5815c8c8adaab9a66	首批
developerGuide/fpga/getting_started/simulation.rst	done	2	2bb2c8e3bfae2c99653348c5815c8c8adaab9a66	首批
developerGuide/fpga/getting_started/top.rst	done	2	2bb2c8e3bfae2c99653348c5815c8c8adaab9a66	首批
developerGuide/fpga/getting_started/vivado_install/vivado_2020_1.rst	done	2	2bb2c8e3bfae2c99653348c5815c8c8adaab9a66	首批
developerGuide/fpga/getting_started/vivado_install/vivado_2025_1.rst	done	2	2bb2c8e3bfae2c99653348c5815c8c8adaab9a66	首批
developerGuide/fpga/getting_started/vivado_install.rst	done	2	2bb2c8e3bfae2c99653348c5815c8c8adaab9a66	首批
developerGuide/fpga/projects/barebones.rst	done	2	2bb2c8e3bfae2c99653348c5815c8c8adaab9a66	首批
developerGuide/fpga/projects/fsbl.rst	done	2	2bb2c8e3bfae2c99653348c5815c8c8adaab9a66	首批
developerGuide/fpga/projects/logic.rst	done	2	2bb2c8e3bfae2c99653348c5815c8c8adaab9a66	首批
developerGuide/fpga/projects/stream_app.rst	done	2	2bb2c8e3bfae2c99653348c5815c8c8adaab9a66	首批
developerGuide/fpga/projects/top.rst	done	2	2bb2c8e3bfae2c99653348c5815c8c8adaab9a66	首批
developerGuide/fpga/projects/v0_94.rst	done	2	2bb2c8e3bfae2c99653348c5815c8c8adaab9a66	首批
developerGuide/fpga/regset/2.00-15/list.rst	done	2	2bb2c8e3bfae2c99653348c5815c8c8adaab9a66	首批
developerGuide/fpga/regset/2.00-15/stream_app.rst	done	2	2bb2c8e3bfae2c99653348c5815c8c8adaab9a66	首批
developerGuide/fpga/regset/2.00-15/stream_app_250.rst	done	2	2bb2c8e3bfae2c99653348c5815c8c8adaab9a66	首批
developerGuide/fpga/regset/2.00-15/v0.94.rst	done	2	2bb2c8e3bfae2c99653348c5815c8c8adaab9a66	首批
developerGuide/fpga/regset/2.00-15/v0.94_250_12.rst	done	2	2bb2c8e3bfae2c99653348c5815c8c8adaab9a66	首批
developerGuide/fpga/regset/2.00-18/list.rst	done	2	2bb2c8e3bfae2c99653348c5815c8c8adaab9a66	首批
developerGuide/fpga/regset/2.00-18/stream_app.rst	done	2	2bb2c8e3bfae2c99653348c5815c8c8adaab9a66	首批
developerGuide/fpga/regset/2.00-18/stream_app_250.rst	done	2	2bb2c8e3bfae2c99653348c5815c8c8adaab9a66	首批
developerGuide/fpga/regset/2.00-18/stream_app_4ch.rst	done	2	2bb2c8e3bfae2c99653348c5815c8c8adaab9a66	首批
developerGuide/fpga/regset/2.00-18/v0.94.rst	done	2	2bb2c8e3bfae2c99653348c5815c8c8adaab9a66	首批
developerGuide/fpga/regset/2.00-18/v0.94_250_12.rst	done	2	2bb2c8e3bfae2c99653348c5815c8c8adaab9a66	首批
developerGuide/fpga/regset/2.00-23/list.rst	done	2	2bb2c8e3bfae2c99653348c5815c8c8adaab9a66	首批
developerGuide/fpga/regset/2.00-23/stream_app.rst	done	2	2bb2c8e3bfae2c99653348c5815c8c8adaab9a66	首批
developerGuide/fpga/regset/2.00-23/stream_app_250.rst	done	2	2bb2c8e3bfae2c99653348c5815c8c8adaab9a66	首批
developerGuide/fpga/regset/2.00-23/stream_app_4ch.rst	done	2	2bb2c8e3bfae2c99653348c5815c8c8adaab9a66	首批
developerGuide/fpga/regset/2.00-23/v0.94.rst	done	2	2bb2c8e3bfae2c99653348c5815c8c8adaab9a66	首批
developerGuide/fpga/regset/2.00-23/v0.94_250_12.rst	done	2	2bb2c8e3bfae2c99653348c5815c8c8adaab9a66	首批
developerGuide/fpga/regset/2.00-30/list.rst	done	2	2bb2c8e3bfae2c99653348c5815c8c8adaab9a66	首批
developerGuide/fpga/regset/2.00-30/stream_app.rst	done	2	2bb2c8e3bfae2c99653348c5815c8c8adaab9a66	首批
developerGuide/fpga/regset/2.00-30/stream_app_250.rst	done	2	2bb2c8e3bfae2c99653348c5815c8c8adaab9a66	首批
developerGuide/fpga/regset/2.00-30/stream_app_4ch.rst	done	2	2bb2c8e3bfae2c99653348c5815c8c8adaab9a66	首批
developerGuide/fpga/regset/2.00-30/v0.94.rst	done	2	2bb2c8e3bfae2c99653348c5815c8c8adaab9a66	首批
developerGuide/fpga/regset/2.00-30/v0.94_250_12.rst	done	2	2bb2c8e3bfae2c99653348c5815c8c8adaab9a66	首批
developerGuide/fpga/regset/2.04-35/list.rst	done	2	2bb2c8e3bfae2c99653348c5815c8c8adaab9a66	首批
developerGuide/fpga/regset/2.04-35/stream_app.rst	done	2	2bb2c8e3bfae2c99653348c5815c8c8adaab9a66	首批
developerGuide/fpga/regset/2.04-35/stream_app_250.rst	done	2	2bb2c8e3bfae2c99653348c5815c8c8adaab9a66	首批
developerGuide/fpga/regset/2.04-35/stream_app_4ch.rst	done	2	2bb2c8e3bfae2c99653348c5815c8c8adaab9a66	首批
developerGuide/fpga/regset/2.04-35/v0.94.rst	done	2	2bb2c8e3bfae2c99653348c5815c8c8adaab9a66	首批
developerGuide/fpga/regset/2.04-35/v0.94_250_12.rst	done	2	2bb2c8e3bfae2c99653348c5815c8c8adaab9a66	首批
developerGuide/fpga/regset/2.05-37/list.rst	done	2	2bb2c8e3bfae2c99653348c5815c8c8adaab9a66	首批
developerGuide/fpga/regset/2.05-37/stream_app.rst	done	2	2bb2c8e3bfae2c99653348c5815c8c8adaab9a66	首批
developerGuide/fpga/regset/2.05-37/stream_app_250.rst	done	2	2bb2c8e3bfae2c99653348c5815c8c8adaab9a66	首批
developerGuide/fpga/regset/2.05-37/stream_app_4ch.rst	done	2	2bb2c8e3bfae2c99653348c5815c8c8adaab9a66	首批
developerGuide/fpga/regset/2.05-37/v0.94.rst	done	2	2bb2c8e3bfae2c99653348c5815c8c8adaab9a66	首批
developerGuide/fpga/regset/2.05-37/v0.94_250_12.rst	done	2	2bb2c8e3bfae2c99653348c5815c8c8adaab9a66	首批
developerGuide/fpga/regset/2.07-48/list.rst	done	2	2bb2c8e3bfae2c99653348c5815c8c8adaab9a66	首批
developerGuide/fpga/regset/2.07-48/stream_app.rst	done	2	2bb2c8e3bfae2c99653348c5815c8c8adaab9a66	首批
developerGuide/fpga/regset/2.07-48/stream_app_250.rst	done	2	2bb2c8e3bfae2c99653348c5815c8c8adaab9a66	首批
developerGuide/fpga/regset/2.07-48/stream_app_4ch.rst	done	2	2bb2c8e3bfae2c99653348c5815c8c8adaab9a66	首批
developerGuide/fpga/regset/2.07-48/v0.94.rst	done	2	2bb2c8e3bfae2c99653348c5815c8c8adaab9a66	首批
developerGuide/fpga/regset/2.07-48/v0.94_250_12.rst	done	2	2bb2c8e3bfae2c99653348c5815c8c8adaab9a66	首批
developerGuide/fpga/regset/3.00-57/list.rst	done	2	2bb2c8e3bfae2c99653348c5815c8c8adaab9a66	首批
developerGuide/fpga/regset/3.00-57/stream_app.rst	done	2	2bb2c8e3bfae2c99653348c5815c8c8adaab9a66	首批
developerGuide/fpga/regset/3.00-57/stream_app_250.rst	done	2	2bb2c8e3bfae2c99653348c5815c8c8adaab9a66	首批
developerGuide/fpga/regset/3.00-57/stream_app_4ch.rst	done	2	2bb2c8e3bfae2c99653348c5815c8c8adaab9a66	首批
developerGuide/fpga/regset/3.00-57/v0.94.rst	done	2	2bb2c8e3bfae2c99653348c5815c8c8adaab9a66	首批
developerGuide/fpga/regset/3.00-57/v0.94_250_12.rst	done	2	2bb2c8e3bfae2c99653348c5815c8c8adaab9a66	首批
developerGuide/fpga/regset/3.00-57/v0.94_cs2_4input.rst	done	2	2bb2c8e3bfae2c99653348c5815c8c8adaab9a66	首批
developerGuide/fpga/regset/in_dev/list.rst	done	2	2bb2c8e3bfae2c99653348c5815c8c8adaab9a66	首批
developerGuide/fpga/regset/in_dev/stream_app.rst	done	2	2bb2c8e3bfae2c99653348c5815c8c8adaab9a66	首批
developerGuide/fpga/regset/in_dev/stream_app_250.rst	done	2	2bb2c8e3bfae2c99653348c5815c8c8adaab9a66	首批
developerGuide/fpga/regset/in_dev/stream_app_4ch.rst	done	2	2bb2c8e3bfae2c99653348c5815c8c8adaab9a66	首批
developerGuide/fpga/regset/in_dev/v0.94.rst	done	2	2bb2c8e3bfae2c99653348c5815c8c8adaab9a66	首批
developerGuide/fpga/regset/in_dev/v0.94_250_12.rst	done	2	2bb2c8e3bfae2c99653348c5815c8c8adaab9a66	首批
developerGuide/fpga/regset/in_dev/v0.94_cs2_4input.rst	done	2	2bb2c8e3bfae2c99653348c5815c8c8adaab9a66	首批
developerGuide/fpga/regset/top.rst	done	2	2bb2c8e3bfae2c99653348c5815c8c8adaab9a66	首批
developerGuide/hardware/GEN2/125-14_Gen2/top.rst	done	2	2bb2c8e3bfae2c99653348c5815c8c8adaab9a66	首批
developerGuide/hardware/GEN2/125-14_Gen2_Pro/top.rst	done	2	2bb2c8e3bfae2c99653348c5815c8c8adaab9a66	首批
developerGuide/hardware/GEN2/125-14_Gen2_Z7020_Pro/top.rst	done	2	2bb2c8e3bfae2c99653348c5815c8c8adaab9a66	首批
developerGuide/hardware/GEN2/125-14_TI/top.rst	done	2	2bb2c8e3bfae2c99653348c5815c8c8adaab9a66	首批
developerGuide/hardware/GEN2/65-16_TI/top.rst	done	2	2bb2c8e3bfae2c99653348c5815c8c8adaab9a66	首批
developerGuide/hardware/GEN2/compares/vs.rst	done	2	2bb2c8e3bfae2c99653348c5815c8c8adaab9a66	首批
developerGuide/hardware/GEN2/faq/faq.rst	done	2	2bb2c8e3bfae2c99653348c5815c8c8adaab9a66	首批
developerGuide/hardware/GEN2/hw_specs/hw_specs.rst	done	2	2bb2c8e3bfae2c99653348c5815c8c8adaab9a66	首批
developerGuide/hardware/GEN2/known_hw_issues/known_hw_issues.rst	done	2	2bb2c8e3bfae2c99653348c5815c8c8adaab9a66	首批
developerGuide/hardware/GEN2/measurements/STEMlab-125-14_Gen2/fast_analog_inputs.rst	done	2	2bb2c8e3bfae2c99653348c5815c8c8adaab9a66	首批
developerGuide/hardware/GEN2/measurements/STEMlab-125-14_Gen2/fast_analog_outputs.rst	done	2	2bb2c8e3bfae2c99653348c5815c8c8adaab9a66	首批
developerGuide/hardware/GEN2/measurements/STEMlab-125-14_Gen2/index.rst	done	2	2bb2c8e3bfae2c99653348c5815c8c8adaab9a66	首批
developerGuide/hardware/ORIG_GEN/122-16/top.rst	done	2	2bb2c8e3bfae2c99653348c5815c8c8adaab9a66	首批
developerGuide/hardware/ORIG_GEN/122-16_EXT/top.rst	done	2	2bb2c8e3bfae2c99653348c5815c8c8adaab9a66	首批
developerGuide/hardware/ORIG_GEN/125-10/top.rst	done	2	2bb2c8e3bfae2c99653348c5815c8c8adaab9a66	首批
developerGuide/hardware/ORIG_GEN/125-14/top.rst	done	2	2bb2c8e3bfae2c99653348c5815c8c8adaab9a66	首批
developerGuide/hardware/ORIG_GEN/125-14_4IN/top.rst	done	2	2bb2c8e3bfae2c99653348c5815c8c8adaab9a66	首批
developerGuide/hardware/ORIG_GEN/125-14_EXT/top.rst	done	2	2bb2c8e3bfae2c99653348c5815c8c8adaab9a66	首批
developerGuide/hardware/ORIG_GEN/125-14_LN/top.rst	done	2	2bb2c8e3bfae2c99653348c5815c8c8adaab9a66	首批
developerGuide/hardware/ORIG_GEN/125-14_MULTI/top.rst	done	2	2bb2c8e3bfae2c99653348c5815c8c8adaab9a66	首批
developerGuide/hardware/ORIG_GEN/125-14_Z7020/top.rst	done	2	2bb2c8e3bfae2c99653348c5815c8c8adaab9a66	首批
developerGuide/hardware/ORIG_GEN/250-12/top.rst	done	2	2bb2c8e3bfae2c99653348c5815c8c8adaab9a66	首批
developerGuide/hardware/ORIG_GEN/compares/vs.rst	done	2	2bb2c8e3bfae2c99653348c5815c8c8adaab9a66	首批
developerGuide/hardware/ORIG_GEN/hw_specs/hw_specs.rst	done	2	2bb2c8e3bfae2c99653348c5815c8c8adaab9a66	首批
developerGuide/hardware/ORIG_GEN/known_hw_issues/known_hw_issues.rst	done	2	2bb2c8e3bfae2c99653348c5815c8c8adaab9a66	首批
developerGuide/hardware/ORIG_GEN/measurements/STEMlab-125-14/fast_analog_inputs.rst	done	2	2bb2c8e3bfae2c99653348c5815c8c8adaab9a66	首批
developerGuide/hardware/ORIG_GEN/measurements/STEMlab-125-14/fast_analog_outputs.rst	done	2	2bb2c8e3bfae2c99653348c5815c8c8adaab9a66	首批
developerGuide/hardware/ORIG_GEN/measurements/STEMlab-125-14/index.rst	done	2	2bb2c8e3bfae2c99653348c5815c8c8adaab9a66	首批
developerGuide/hardware/cets.rst	done	2	2bb2c8e3bfae2c99653348c5815c8c8adaab9a66	首批
developerGuide/hardware/ext_modules/click_shield/click_shield.rst	done	2	2bb2c8e3bfae2c99653348c5815c8c8adaab9a66	首批
developerGuide/hardware/ext_modules/e3_ext/e3_hardware.rst	done	2	2bb2c8e3bfae2c99653348c5815c8c8adaab9a66	首批
developerGuide/hardware/ext_modules/e3_ext/eMMC_QSPI/eMMC_QSPI_module.rst	done	2	2bb2c8e3bfae2c99653348c5815c8c8adaab9a66	首批
developerGuide/hardware/ext_modules/extent_template/extent_template.rst	done	2	2bb2c8e3bfae2c99653348c5815c8c8adaab9a66	首批
developerGuide/hardware/ext_modules/impedance_transformer/impedance_transformer.rst	done	2	2bb2c8e3bfae2c99653348c5815c8c8adaab9a66	首批
developerGuide/hardware/ext_modules/lcr_ext/lcr_ext.rst	done	2	2bb2c8e3bfae2c99653348c5815c8c8adaab9a66	首批
developerGuide/hardware/ext_modules/logic_ext/logic_ext.rst	done	2	2bb2c8e3bfae2c99653348c5815c8c8adaab9a66	首批
developerGuide/hardware/ext_modules/sdr_module/sdr_module.rst	done	2	2bb2c8e3bfae2c99653348c5815c8c8adaab9a66	首批
developerGuide/hardware/ext_modules/sensor_ext/sensor_ext.rst	done	2	2bb2c8e3bfae2c99653348c5815c8c8adaab9a66	首批
developerGuide/hardware/hardware.rst	done	2	2bb2c8e3bfae2c99653348c5815c8c8adaab9a66	首批
developerGuide/software/app_development/C_and_Python_API.rst	done	2	2bb2c8e3bfae2c99653348c5815c8c8adaab9a66	首批
developerGuide/software/app_development/app_development.rst	done	2	2bb2c8e3bfae2c99653348c5815c8c8adaab9a66	首批
developerGuide/software/app_development/streaming.rst	done	2	2bb2c8e3bfae2c99653348c5815c8c8adaab9a66	首批
developerGuide/software/app_development/webapp/firstApp.rst	done	2	2bb2c8e3bfae2c99653348c5815c8c8adaab9a66	首批
developerGuide/software/app_development/webapp/manualApps.rst	done	2	2bb2c8e3bfae2c99653348c5815c8c8adaab9a66	首批
developerGuide/software/app_development/webapp/sysOver.rst	done	2	2bb2c8e3bfae2c99653348c5815c8c8adaab9a66	首批
developerGuide/software/app_development/webapp/webApps.rst	done	2	2bb2c8e3bfae2c99653348c5815c8c8adaab9a66	首批
developerGuide/software/app_development/webapp/webExamples.rst	done	2	2bb2c8e3bfae2c99653348c5815c8c8adaab9a66	首批
developerGuide/software/app_development/webapp/webexamples/webapp_ex1_addLEDbutton.rst	done	2	2bb2c8e3bfae2c99653348c5815c8c8adaab9a66	首批
developerGuide/software/app_development/webapp/webexamples/webapp_ex2_SlowVoltage.rst	done	2	2bb2c8e3bfae2c99653348c5815c8c8adaab9a66	首批
developerGuide/software/app_development/webapp/webexamples/webapp_ex3_SlowVoltage_Graph.rst	done	2	2bb2c8e3bfae2c99653348c5815c8c8adaab9a66	首批
developerGuide/software/app_development/webapp/webexamples/webapp_ex4_SlowVoltage_Graph_Offset.rst	done	2	2bb2c8e3bfae2c99653348c5815c8c8adaab9a66	首批
developerGuide/software/app_development/webapp/webexamples/webapp_ex5_GenVolt.rst	done	2	2bb2c8e3bfae2c99653348c5815c8c8adaab9a66	首批
developerGuide/software/app_development/webapp/webexamples/webapp_ex6_nginx.rst	done	2	2bb2c8e3bfae2c99653348c5815c8c8adaab9a66	首批
developerGuide/software/app_development/webapp/webexamples/webapp_ex7_simpleExample.rst	done	2	2bb2c8e3bfae2c99653348c5815c8c8adaab9a66	首批
developerGuide/software/configuration/configuration.rst	done	2	2bb2c8e3bfae2c99653348c5815c8c8adaab9a66	首批
developerGuide/software/configuration/gpio/gpio.rst	done	2	2bb2c8e3bfae2c99653348c5815c8c8adaab9a66	首批
developerGuide/software/configuration/network.rst	done	2	2bb2c8e3bfae2c99653348c5815c8c8adaab9a66	首批
developerGuide/software/configuration/remote_deploy/remote_sw_deploy.rst	done	2	2bb2c8e3bfae2c99653348c5815c8c8adaab9a66	首批
developerGuide/software/configuration/service_management.rst	done	2	2bb2c8e3bfae2c99653348c5815c8c8adaab9a66	首批
developerGuide/software/configuration/spi/spi.rst	done	2	2bb2c8e3bfae2c99653348c5815c8c8adaab9a66	首批
developerGuide/software/configuration/tft/TFT.rst	done	2	2bb2c8e3bfae2c99653348c5815c8c8adaab9a66	首批
developerGuide/software/getting_started/console/console.rst	done	2	2bb2c8e3bfae2c99653348c5815c8c8adaab9a66	首批
developerGuide/software/getting_started/console_access.rst	done	2	2bb2c8e3bfae2c99653348c5815c8c8adaab9a66	首批
developerGuide/software/getting_started/cpp_make_install.rst	done	2	2bb2c8e3bfae2c99653348c5815c8c8adaab9a66	首批
developerGuide/software/getting_started/getting_started.rst	done	2	2bb2c8e3bfae2c99653348c5815c8c8adaab9a66	首批
developerGuide/software/getting_started/ssh/ssh.rst	done	2	2bb2c8e3bfae2c99653348c5815c8c8adaab9a66	首批
developerGuide/software/getting_started/wsl_setup.rst	done	2	2bb2c8e3bfae2c99653348c5815c8c8adaab9a66	首批
developerGuide/software/intro.rst	done	2	2bb2c8e3bfae2c99653348c5815c8c8adaab9a66	首批
developerGuide/software/security.rst	done	2	2bb2c8e3bfae2c99653348c5815c8c8adaab9a66	首批
developerGuide/software/software.rst	done	2	2bb2c8e3bfae2c99653348c5815c8c8adaab9a66	首批
developerGuide/software/system_development/debian.rst	done	2	2bb2c8e3bfae2c99653348c5815c8c8adaab9a66	首批
developerGuide/software/system_development/e3_software/QSPI_eMMC_sw/QSPI_eMMC_software.rst	done	2	2bb2c8e3bfae2c99653348c5815c8c8adaab9a66	首批
developerGuide/software/system_development/e3_software/e3_software.rst	done	2	2bb2c8e3bfae2c99653348c5815c8c8adaab9a66	首批
developerGuide/software/system_development/e3_software/external_booting.rst	done	2	2bb2c8e3bfae2c99653348c5815c8c8adaab9a66	首批
developerGuide/software/system_development/ecosystem/ecosystem.rst	done	2	2bb2c8e3bfae2c99653348c5815c8c8adaab9a66	首批
developerGuide/software/system_development/system_development.rst	done	2	2bb2c8e3bfae2c99653348c5815c8c8adaab9a66	首批
developerGuide/software/troubleshooting/known_issues/known_sw_issues.rst	done	2	2bb2c8e3bfae2c99653348c5815c8c8adaab9a66	首批
developerGuide/software/troubleshooting/os_compatibility.rst	done	2	2bb2c8e3bfae2c99653348c5815c8c8adaab9a66	首批
developerGuide/software/troubleshooting/troubleshooting.rst	done	2	2bb2c8e3bfae2c99653348c5815c8c8adaab9a66	首批
index.rst	done	3	2bb2c8e3bfae2c99653348c5815c8c8adaab9a66	首批
intro.rst	done	3	2bb2c8e3bfae2c99653348c5815c8c8adaab9a66	首批
quickStart/E3_board/e3_addon_board.rst	done	1	2bb2c8e3bfae2c99653348c5815c8c8adaab9a66	首批
quickStart/E3_board/emmc_flash.rst	done	1	2bb2c8e3bfae2c99653348c5815c8c8adaab9a66	首批
quickStart/ID_guide/ID_guide.rst	done	1	2bb2c8e3bfae2c99653348c5815c8c8adaab9a66	首批
quickStart/OS_update/OS_update.rst	done	1	2bb2c8e3bfae2c99653348c5815c8c8adaab9a66	首批
quickStart/SDcard/SDcard.rst	done	1	2bb2c8e3bfae2c99653348c5815c8c8adaab9a66	首批
quickStart/SDcard/SDcard_advanced.rst	done	1	2bb2c8e3bfae2c99653348c5815c8c8adaab9a66	首批
quickStart/alucase/alucase.rst	done	1	2bb2c8e3bfae2c99653348c5815c8c8adaab9a66	首批
quickStart/first.rst	done	1	2bb2c8e3bfae2c99653348c5815c8c8adaab9a66	首批
quickStart/heatsink/heatsink.rst	done	1	2bb2c8e3bfae2c99653348c5815c8c8adaab9a66	首批
quickStart/needs.rst	done	1	2bb2c8e3bfae2c99653348c5815c8c8adaab9a66	首批
quickStart/pvccase/pvccase.rst	done	1	2bb2c8e3bfae2c99653348c5815c8c8adaab9a66	首批
quickStart/quickStart.rst	done	1	2bb2c8e3bfae2c99653348c5815c8c8adaab9a66	首批
quickStart/troubleshooting/FAQ.rst	done	1	2bb2c8e3bfae2c99653348c5815c8c8adaab9a66	首批
quickStart/troubleshooting/troubleshooting.rst	done	1	2bb2c8e3bfae2c99653348c5815c8c8adaab9a66	首批
quickStart/troubleshooting/troubleshooting_guide/step1_OS.rst	done	1	2bb2c8e3bfae2c99653348c5815c8c8adaab9a66	首批
quickStart/troubleshooting/troubleshooting_guide/step2_LEDs.rst	done	1	2bb2c8e3bfae2c99653348c5815c8c8adaab9a66	首批
quickStart/troubleshooting/troubleshooting_guide/step3_network.rst	done	1	2bb2c8e3bfae2c99653348c5815c8c8adaab9a66	首批
quickStart/troubleshooting/troubleshooting_guide/step4_serial_console.rst	done	1	2bb2c8e3bfae2c99653348c5815c8c8adaab9a66	首批
quickStart/troubleshooting/troubleshooting_guide/step5_hardware.rst	done	1	2bb2c8e3bfae2c99653348c5815c8c8adaab9a66	首批
quickStart/troubleshooting/troubleshooting_guide/step6_web_apps.rst	done	1	2bb2c8e3bfae2c99653348c5815c8c8adaab9a66	首批
quickStart/troubleshooting/troubleshooting_guide/step7_advanced.rst	done	1	2bb2c8e3bfae2c99653348c5815c8c8adaab9a66	首批
